,order_id,profit
3,US-2015-108966,-383.031
14,US-2015-118983,-123.85799999999999
15,US-2015-118983,-3.8160000000000003
23,US-2017-156909,-1.0196
27,US-2015-150630,-1665.0522
28,US-2015-150630,-7.0532
32,US-2015-150630,-5.715
36,CA-2016-117590,-147.963
38,CA-2015-117415,-46.9764
39,CA-2015-117415,-15.147
66,US-2015-164175,-15.2225
72,US-2015-134026,-114.3912
74,US-2015-134026,-18.195999999999998
75,US-2017-118038,-1.9344
76,US-2017-118038,-5.8248
78,US-2014-147606,-14.475
84,US-2017-119662,-48.9549
95,US-2017-109484,-3.7880000000000003
100,CA-2016-158568,-10.7973
101,CA-2016-158568,-3.0396
103,US-2015-156867,-26.8758
104,US-2015-156867,-3.8385
105,US-2015-156867,-25.8174
118,US-2015-136476,-115.7156
124,US-2014-152030,-8.5794
125,US-2014-134614,-407.68199999999996
126,US-2017-107272,-1.8308
128,US-2016-125969,-9.1602
130,US-2017-164147,-11.994000000000002
165,CA-2014-139892,-1359.9920000000002
166,CA-2014-139892,-58.6347
167,CA-2014-139892,-24.858
169,CA-2014-139892,-453.849
174,US-2014-100853,-131.12
176,US-2017-152366,-243.16
177,US-2015-101511,-11.3372
178,US-2015-101511,-3.7715
198,US-2017-124303,-2.2586
201,CA-2014-133690,-161.875
203,US-2017-116701,-178.9668
213,CA-2015-146262,-244.32299999999998
214,CA-2015-146262,-14.6958
215,CA-2015-146262,-950.4
221,CA-2015-169397,-13.8432
223,CA-2015-169397,-383.9904
228,US-2015-145436,-28.2744
230,US-2014-156216,-12.432
231,US-2017-100930,-102.04799999999999
232,US-2017-100930,-248.2458
233,US-2017-100930,-3.552
235,US-2017-100930,-7.7247
238,CA-2016-157749,-356.728
239,CA-2016-157749,-4.6752
241,CA-2016-157749,-120.51299999999999
242,CA-2016-157749,-2.8308
254,US-2015-159982,-8.4924
255,US-2015-159982,-19.5624
261,US-2017-155299,-4.466
262,US-2014-106992,-509.99699999999996
263,US-2014-106992,-251.9958
268,US-2017-145366,-7.4416
280,US-2015-161991,-3.432
286,CA-2016-112697,-169.372
288,CA-2016-112697,-204.3145
292,CA-2016-110772,-48.7032
295,CA-2014-111451,-24.5646
296,CA-2014-111451,-62.88
303,US-2017-152380,-131.445
326,US-2016-141544,-67.8762
328,US-2016-141544,-258.5016
330,US-2016-141544,-27.6936
331,US-2016-150147,-20.7
332,US-2016-150147,-13.815999999999999
333,US-2016-150147,-3.4272
338,CA-2014-129924,-17.4588
341,CA-2014-122336,-407.976
344,US-2015-120712,-2.22
354,CA-2016-138520,-4.8588
372,US-2014-119137,-5.712000000000001
375,US-2014-119137,-29.94
377,US-2017-134481,-297.6848
378,CA-2015-130792,-20.3322
380,CA-2015-130792,-18.8728
384,US-2015-168935,-157.0095
385,US-2015-168935,-1.0497
386,CA-2015-122756,-337.63800000000003
393,US-2014-134971,-20.5623
399,CA-2016-108987,-317.1528
400,CA-2016-108987,-32.784
408,CA-2017-117457,-112.9527
413,CA-2017-117457,-18.4548
429,US-2016-123750,-145.3508
432,US-2016-123750,-0.7748
434,US-2014-150574,-3.6892
435,US-2014-150574,-18.585
453,CA-2017-147277,-75.8304
456,US-2014-110674,-24.294
457,US-2016-157945,-96.1146
463,CA-2016-109869,-814.4832
464,CA-2016-109869,-20.889
465,CA-2016-109869,-34.758
467,US-2015-101399,-312.0614
468,CA-2017-154907,-36.2352
469,US-2016-100419,-7.9002
485,CA-2017-140963,-30.245
494,US-2016-120929,-94.941
500,US-2016-105578,-15.08
501,US-2016-105578,-11.9616
503,US-2016-105578,-1.9008
520,CA-2015-157812,-25.9136
521,CA-2015-157812,-21.168000000000003
523,US-2016-139486,-12.4146
528,US-2015-138303,-7.2672
529,US-2015-138303,-149.9058
536,US-2017-122637,-68.1856
542,US-2015-120161,-145.5246
545,CA-2014-103849,-84.2928
549,CA-2015-113173,-17.046
550,CA-2015-113173,-1.744
557,CA-2016-113243,-217.048
579,CA-2017-118640,-5.7148
584,CA-2017-145233,-4.7481
588,US-2016-156986,-20.1362
590,US-2016-156986,-12.8961
599,US-2016-100720,-28.7964
600,US-2016-100720,-115.3544
604,CA-2014-149958,-5.5338
605,CA-2014-149958,-31.6712
607,US-2014-105767,-2.6256
609,US-2014-105767,-10.1178
613,CA-2016-121223,-157.9383
615,CA-2017-138611,-2.7968
621,US-2014-111171,-14.773
630,US-2016-135720,-51.7191
636,US-2016-123470,-13.8468
655,CA-2016-137239,-2.6544
657,US-2016-156097,-50.098
658,US-2016-156097,-3.4619999999999997
660,CA-2015-146563,-135.765
661,CA-2015-146563,-118.1295
662,CA-2015-146563,-4.2222
669,US-2017-106663,-14.3856
670,US-2017-106663,-71.8905
676,US-2017-119438,-7.392
678,US-2017-119438,-41.262
679,US-2017-119438,-320.2395
683,US-2017-168116,-3839.9904
699,CA-2015-119291,-13.6312
700,CA-2015-119291,-3.4272
703,CA-2015-142027,-13.8717
708,CA-2014-112158,-110.49
728,US-2016-150861,-153.3456
740,CA-2014-112326,-64.7748
741,CA-2014-112326,-5.487
742,US-2016-146710,-10.948
746,CA-2014-124429,-28.355999999999998
755,CA-2016-140928,-167.3184
762,CA-2015-114923,-26.9955
781,US-2015-157014,-22.449
782,US-2015-157014,-2.7
783,US-2015-157014,-15.6156
818,CA-2014-140858,-2.4288
820,CA-2014-140858,-22.7964
835,CA-2016-165316,-111.4995
836,US-2014-115987,-79.3352
868,CA-2014-136742,-35.928000000000004
869,CA-2016-158099,-760.98
870,CA-2016-158099,-46.797
878,US-2014-158638,-4.1244
899,US-2016-114622,-6.5296
901,CA-2017-150959,-32.088
915,US-2014-141215,-18.5562
916,US-2014-141215,-56.996
917,US-2014-141215,-14.5656
919,CA-2016-165218,-0.812
934,CA-2016-140081,-21.7932
946,US-2015-140200,-204.4458
947,US-2017-110576,-12.9122
949,US-2017-110576,-619.596
954,CA-2017-136539,-11.595999999999998
957,CA-2017-102414,-3.168
971,CA-2014-115791,-31.05
972,CA-2014-115791,-13.6312
976,US-2017-100209,-0.792
978,CA-2016-145499,-2.6256
987,CA-2015-146829,-1.8904
1002,CA-2015-124891,-290.8752
1007,CA-2015-105312,-3.5208
1027,CA-2016-126529,-9.8724
1034,CA-2016-109820,-1.9272
1035,CA-2016-109820,-10.5798
1044,CA-2017-115651,-146.16
1045,CA-2017-152702,-18.186
1047,CA-2016-169103,-3.8385
1050,US-2015-153500,-29.4812
1060,US-2015-125374,-29.2524
1062,CA-2015-161263,-2.2134
1064,CA-2015-161263,-27.7158
1066,CA-2015-161263,-46.225
1068,US-2017-139955,-0.3488
1069,US-2015-150161,-18.4624
1073,CA-2016-134348,-4.598
1074,CA-2016-134348,-3.3488
1082,US-2016-143819,-264.9208
1096,CA-2017-160423,-28.6272
1102,US-2017-145863,-4.7145
1103,US-2017-145863,-4.9878
1105,US-2016-110156,-16.3644
1106,US-2016-110156,-0.7566
1107,US-2016-110156,-17.248
1112,US-2016-110156,-2.0264
1114,CA-2017-140585,-12.6882
1133,US-2016-134908,-23.364
1173,US-2015-104430,-7.763999999999999
1196,US-2015-130519,-2.0988
1198,CA-2016-130946,-4.1136
1199,CA-2016-130946,-1850.9464
1201,CA-2016-114727,-1.4352
1204,CA-2016-114727,-33.804
1212,US-2017-118087,-48.4704
1213,US-2017-118087,-2.3276
1214,US-2017-118087,-3.6024
1219,US-2017-118087,-386.3916
1235,CA-2016-144344,-29.94
1254,CA-2017-144638,-8.379
1257,US-2016-168620,-20.4468
1258,US-2016-168620,-47.2542
1261,US-2016-144393,-14.0928
1270,US-2016-103646,-12.792
1271,US-2016-103646,-126.8592
1272,US-2016-103646,-67.27199999999999
1274,CA-2016-119186,-88.78399999999999
1276,CA-2016-119186,-7.1991
1282,CA-2017-122154,-13.363
1284,US-2015-149692,-4.851
1310,CA-2016-141397,-8.0784
1313,US-2016-134488,-13.3176
1319,CA-2014-160773,-3.6288
1320,CA-2017-167703,-4.1832
1325,US-2014-117058,-30.555
1330,CA-2017-127705,-0.6435
1332,CA-2014-122567,-1.7280000000000002
1333,CA-2014-122567,-13.93
1340,CA-2017-113481,-27.828000000000003
1341,CA-2017-113481,-12.527999999999999
1342,CA-2017-113481,-21.1596
1350,CA-2014-153976,-70.1043
1355,US-2014-160444,-44.1552
1356,US-2014-160444,-35.178000000000004
1358,CA-2017-160045,-1.4413
1362,CA-2017-125199,-56.7556
1363,US-2017-155425,-25.592
1364,US-2017-155425,-63.996
1365,US-2017-155425,-35.9928
1367,US-2017-155425,-146.1096
1369,US-2015-103471,-786.7439999999999
1381,US-2016-100566,-90.2484
1394,US-2017-117247,-430.61699999999996
1395,US-2017-117247,-42.6528
1402,US-2016-161396,-58.1332
1404,US-2014-118486,-2.1896
1405,US-2014-118486,-36.1116
1409,US-2016-122245,-204.4458
1418,CA-2015-126697,-1.4784
1420,CA-2015-124800,-48.391999999999996
1422,CA-2015-124800,-59.0571
1423,CA-2015-124800,-1.4988
1425,CA-2015-124800,-86.3664
1430,CA-2017-122700,-40.4712
1438,CA-2015-139731,-350.49
1445,CA-2017-102337,-39.1248
1446,CA-2017-102337,-87.3418
1448,US-2014-112564,-1.7514
1450,US-2015-160150,-1.35
1461,US-2016-128902,-31.3722
1463,CA-2016-152289,-29.2776
1465,CA-2014-151708,-3.0344
1466,CA-2014-151708,-10.7973
1473,US-2015-105676,-4.0128
1496,CA-2017-152485,-0.2098
1501,CA-2017-130386,-47.2542
1505,CA-2015-153388,-175.8708
1513,CA-2017-112809,-33.139
1514,CA-2017-112809,-11.4648
1515,US-2017-160759,-9.097999999999999
1524,CA-2015-144806,-58.6872
1547,CA-2015-111395,-40.6504
1550,US-2017-124926,-24.7086
1562,US-2017-102890,-295.9785
1566,CA-2015-129112,-0.2685
1567,CA-2015-129112,-13.6152
1570,US-2014-157385,-67.941
1574,CA-2014-101602,-9.152999999999999
1575,CA-2014-101602,-21.808000000000003
1580,CA-2015-131338,-153.1224
1594,CA-2015-118423,-35.9058
1595,CA-2017-149181,-2.0568
1600,CA-2017-158876,-13.993
1614,US-2016-113509,-13.6461
1629,CA-2017-101049,-34.38
1636,CA-2014-168984,-167.27
1637,CA-2014-168984,-87.6672
1646,CA-2015-105221,-3.094
1647,CA-2015-105221,-0.7128
1648,CA-2015-120341,-100.92
1649,CA-2015-120341,-9.1788
1661,CA-2017-144526,-158.102
1662,CA-2017-144526,-9.264
1664,CA-2016-128531,-7.4394
1666,CA-2016-128531,-2.3748
1669,US-2015-157154,-373.3048
1674,CA-2015-143077,-10.4196
1675,CA-2015-143077,-10.2114
1678,CA-2014-122882,-14.5764
1681,CA-2014-122882,-559.356
1685,CA-2017-149489,-0.99
1686,CA-2017-149489,-5.7638
1689,CA-2014-142839,-227.4912
1704,CA-2016-106306,-7.1148
1705,CA-2015-100545,-9.288
1709,CA-2017-123491,-0.8999
1713,US-2017-124968,-566.5625
1714,CA-2017-104003,-14.4784
1723,US-2015-123218,-71.8116
1727,US-2017-164056,-69.89
1732,US-2016-131149,-33.804
1743,CA-2017-152807,-2.5128
1744,CA-2017-152807,-55.3
1746,CA-2016-155670,-8.2368
1750,CA-2015-139094,-32.5226
1757,US-2015-107349,-66.5088
1760,CA-2015-130785,-4.8392
1762,CA-2015-130785,-20.6964
1767,US-2014-158057,-5.8604
1768,US-2014-158057,-39.4565
1769,CA-2017-146024,-1.3952
1770,CA-2017-146024,-20.1663
1771,CA-2016-129686,-24.496
1802,CA-2017-158379,-4.2987
1803,CA-2017-158379,-1049.3406
1809,CA-2016-165484,-12.117
1814,CA-2015-131597,-8.5068
1818,US-2014-130379,-166.32
1819,US-2014-130379,-24.189
1820,CA-2016-168956,-225.5568
1822,CA-2016-168956,-2.6982
1824,CA-2016-167507,-25.055999999999997
1829,CA-2014-103373,-168.9558
1833,CA-2017-162691,-263.9967
1843,CA-2015-135391,-30.588
1856,US-2017-158218,-15.99
1857,US-2017-158218,-53.071999999999996
1860,US-2017-121251,-28.9764
1863,US-2016-100839,-465.56800000000004
1865,US-2017-116659,-92.6955
1868,CA-2015-127110,-17.6076
1875,US-2016-112977,-22.098000000000003
1877,CA-2017-118885,-44.2764
1879,US-2017-166611,-48.1194
1887,CA-2014-140165,-331.96
1889,CA-2014-142587,-122.87700000000001
1898,CA-2014-169775,-336.784
1899,CA-2014-169775,-110.7645
1906,US-2016-150567,-2.1648
1907,US-2016-150567,-21.6144
1937,CA-2016-112109,-13.312000000000001
1938,CA-2016-112109,-1.2558
1939,CA-2016-112109,-6.1152
1943,CA-2017-144064,-5.184
1948,CA-2017-157987,-93.3262
1972,CA-2014-148950,-8.6768
1974,CA-2014-148950,-2.1885
1991,CA-2017-111374,-3.7996
1994,CA-2017-133648,-2.1195
1995,US-2017-147221,-766.012
1996,US-2017-147221,-3.7196
2004,US-2017-143028,-17.046
2007,CA-2017-165386,-36.6744
2039,CA-2015-122287,-3.3264
2040,CA-2015-122287,-6.104
2049,CA-2015-142237,-2.0016
2050,CA-2015-142237,-4.752
2051,CA-2015-142237,-73.176
2065,CA-2014-106439,-9.147
2069,CA-2015-133452,-97.7394
2070,CA-2016-146521,-1.294
2071,US-2017-110996,-46.137
2091,CA-2017-166142,-48.7839
2100,US-2014-140116,-15.9102
2102,CA-2014-123295,-25.9136
2106,US-2014-152723,-1.4016
2116,CA-2015-159786,-13.978
2120,US-2017-168690,-1.9656
2121,CA-2017-158246,-2.6997
2133,CA-2015-122210,-122.3928
2134,CA-2015-122210,-2.3814
2136,CA-2015-156377,-11.439
2137,CA-2015-156377,-5.8496
2141,CA-2014-159520,-347.1174
2143,CA-2016-155481,-4.7976
2145,US-2016-152051,-18.0882
2146,US-2016-152051,-27.9312
2147,US-2016-152051,-50.8704
2150,US-2017-139969,-53.2704
2154,US-2016-120460,-10.1736
2159,CA-2016-159737,-14.9736
2165,CA-2016-154018,-150.414
2167,CA-2016-154018,-11.0005
2169,CA-2017-117870,-8.997
2170,CA-2017-117870,-26.9955
2171,US-2017-137491,-8.7232
2173,CA-2016-112025,-13.895999999999999
2206,US-2014-103905,-46.3946
2221,CA-2015-131884,-89.089
2223,CA-2015-131884,-24.2352
2225,CA-2016-106383,-98.8018
2228,CA-2016-139157,-115.7058
2238,CA-2017-166849,-52.17
2241,US-2016-126893,-115.4958
2279,CA-2017-142622,-6.098
2280,CA-2017-142622,-23.0352
2305,CA-2016-115574,-14.1372
2312,US-2017-120418,-48.5082
2329,US-2015-147739,-68.392
2343,US-2014-155894,-29.3436
2346,CA-2016-159373,-2.1624
2357,US-2014-148838,-447.5947
2358,US-2014-148838,-553.6476
2359,US-2014-148838,-122.7816
2362,CA-2017-136497,-10.054
2366,CA-2014-102295,-18.1068
2368,US-2016-129469,-26.6352
2371,CA-2016-159940,-27.1296
2374,CA-2016-159940,-14.4784
2376,US-2014-164616,-58.8616
2403,US-2016-110170,-225.0976
2405,CA-2017-108574,-28.9674
2421,CA-2016-155551,-48.9549
2424,US-2017-147669,-10.4184
2425,US-2017-147669,-104.67299999999999
2427,CA-2016-169922,-2.1504
2428,CA-2016-169922,-13.6488
2429,CA-2016-169922,-9.0944
2437,CA-2014-164210,-99.2664
2441,CA-2016-146934,-19.9184
2447,CA-2016-119165,-14.081
2471,US-2016-135923,-67.6704
2473,CA-2016-114972,-29.9178
2477,CA-2017-102750,-99.1764
2480,CA-2017-141992,-32.6366
2493,CA-2016-146206,-34.391999999999996
2501,CA-2017-131618,-3.5712
2502,CA-2017-131618,-16.38
2507,CA-2015-120397,-85.2384
2512,CA-2017-155089,-33.484
2514,CA-2016-124506,-2.0568
2526,CA-2015-124541,-12.075
2527,CA-2015-124541,-16.884
2534,US-2017-117723,-337.806
2536,CA-2015-168746,-54.5958
2537,CA-2015-168746,-100.7944
2538,CA-2015-168746,-36.253
2539,CA-2015-113404,-219.1644
2546,CA-2017-108070,-6.0489999999999995
2556,US-2016-126844,-32.32
2569,CA-2017-134404,-35.6174
2590,US-2016-115455,-7.7748
2591,US-2016-115455,-300.735
2605,CA-2014-112718,-0.8558
2609,CA-2014-127446,-121.8735
2612,CA-2014-127446,-3.9624
2627,US-2017-165344,-935.9595
2628,US-2017-165344,-7.48
2634,CA-2015-116750,-5.784
2663,CA-2016-164784,-142.071
2664,CA-2016-164784,-2.0108
2676,US-2014-160780,-8.1312
2677,US-2014-160780,-16.776
2685,CA-2016-133123,-2.4564
2686,US-2016-128195,-6.567
2689,CA-2017-156412,-4.455
2695,CA-2014-145317,-16.426
2708,US-2015-120572,-8.9796
2717,CA-2014-110030,-14.3856
2723,CA-2017-149888,-71.994
2724,CA-2017-149888,-140.1408
2725,CA-2017-119193,-1.3128
2744,CA-2014-155887,-130.0104
2745,US-2015-165449,-1.3584
2746,CA-2015-110247,-6.0324
2761,CA-2017-165757,-7.5768
2762,CA-2017-165757,-23.8855
2766,US-2015-122140,-80.48
2767,US-2015-122140,-0.6265
2775,CA-2015-138534,-13.7976
2781,US-2016-106677,-15.992
2782,CA-2016-116974,-15.5844
2785,US-2014-117744,-24.803
2787,US-2014-117744,-23.976
2794,CA-2014-154599,-18.147000000000002
2803,CA-2015-122623,-2.0364
2821,CA-2017-131016,-2.9739999999999998
2823,US-2014-112914,-97.2312
2824,US-2014-112914,-4.3584
2829,CA-2014-148915,-94.333
2836,CA-2016-147368,-27.828000000000003
2840,CA-2017-135650,-32.3388
2841,CA-2017-112865,-0.9012
2842,US-2016-162852,-12.0784
2844,CA-2017-152093,-1143.891
2847,CA-2016-123617,-5.6994
2848,US-2016-128293,-12.9568
2865,CA-2016-115588,-3.312
2866,CA-2016-115588,-2.436
2869,CA-2014-148040,-35.3646
2873,US-2016-167339,-5.7588
2880,CA-2014-165540,-13.7175
2883,US-2016-159856,-34.641
2896,US-2015-114839,-5.8346
2902,CA-2016-153577,-7.7094
2920,US-2015-141453,-5.8229999999999995
2926,US-2017-120390,-1306.5504
2950,CA-2017-134915,-5.6784
2955,CA-2017-168900,-1.9275
2964,CA-2014-162866,-19.7712
2968,CA-2017-167941,-10.6176
2970,CA-2017-167941,-51.8272
2972,CA-2015-137512,-31.3722
2974,CA-2017-139773,-2.6936
2982,US-2014-112872,-170.8038
2997,CA-2014-138317,-172.4925
2999,CA-2014-138317,-7.2048
3008,CA-2017-134845,-9.222999999999999
3009,CA-2017-134845,-3399.98
3010,CA-2017-134845,-15.8356
3011,CA-2017-134845,-6.5736
3013,US-2015-138919,-103.266
3014,US-2016-160528,-172.7328
3015,US-2016-160528,-10.1736
3016,US-2016-160528,-33.32
3021,CA-2017-124674,-14.4588
3030,US-2016-114293,-12.196
3037,CA-2017-101749,-6.4233
3042,CA-2015-135174,-255.7425
3057,CA-2017-131492,-3.3506
3074,CA-2014-143903,-14.229000000000001
3075,CA-2014-143903,-140.196
3082,CA-2017-118773,-417.0936
3084,CA-2017-118773,-2.6892
3085,CA-2017-118773,-32.48
3094,CA-2015-114468,-13.5548
3096,CA-2017-135692,-42.1096
3101,CA-2016-124562,-9.5018
3113,CA-2016-150350,-39.9528
3116,CA-2015-121720,-182.637
3120,CA-2015-121720,-62.88
3121,CA-2015-121720,-3.14
3124,CA-2017-149895,-47.3968
3132,CA-2017-164168,-45.84
3133,CA-2017-164168,-15.5904
3136,CA-2017-164168,-0.5598
3137,CA-2017-164168,-17.7072
3139,US-2014-122959,-336.6272
3142,US-2016-148110,-24.843000000000004
3149,CA-2015-147830,-2639.9912
3150,CA-2015-147830,-16.998
3154,CA-2015-139584,-75.8304
3157,US-2016-162677,-17.9964
3158,US-2014-150924,-8.029
3166,CA-2016-138695,-24.392
3169,US-2016-133879,-4.752
3173,US-2017-132059,-240.78400000000002
3183,CA-2014-123498,-44.2782
3188,US-2015-163783,-3.168
3190,CA-2017-158953,-9.555
3191,CA-2014-165428,-6.0192
3195,CA-2015-149384,-2.244
3209,US-2017-108245,-18.5262
3224,CA-2014-108189,-3.264
3226,CA-2014-108189,-0.0895
3229,US-2017-156356,-44.2782
3230,US-2017-156356,-4.7784
3231,US-2017-156356,-7.7292
3233,CA-2016-140746,-15.5826
3236,US-2016-127971,-77.333
3238,US-2016-127971,-2.8272
3240,CA-2017-114524,-22.8956
3242,CA-2017-113355,-18.1176
3255,US-2016-161844,-29.3238
3256,US-2016-161844,-2.0622
3257,US-2016-162103,-4.704
3282,CA-2014-103702,-46.8776
3292,CA-2014-138023,-52.632
3294,US-2015-110569,-12.796
3297,US-2014-159926,-40.7976
3298,US-2014-159926,-16.3183
3299,US-2014-159926,-107.9928
3301,US-2014-159926,-1.4256
3305,CA-2014-104738,-3.6576
3314,CA-2017-161739,-427.45
3322,CA-2014-165309,-1480.0335
3323,CA-2014-165309,-1.9744
3331,CA-2017-122595,-1.3208
3346,CA-2017-154732,-25.648000000000003
3352,US-2014-150434,-4.032
3356,CA-2016-139234,-5.2932
3357,CA-2016-139234,-3.272
3362,CA-2016-130050,-3.8208
3376,CA-2017-142867,-22.0416
3386,CA-2017-148404,-33.635999999999996
3387,CA-2017-148404,-36.1116
3390,CA-2014-166471,-43.8336
3391,CA-2014-105340,-11.0848
3400,CA-2015-129700,-8.9152
3401,CA-2017-168739,-52.3392
3403,US-2014-150119,-12.0588
3404,US-2014-150119,-12.0588
3405,US-2014-150119,-5.2416
3426,US-2017-111024,-103.9882
3433,US-2015-100531,-22.62
3434,US-2015-100531,-12.7512
3435,CA-2017-152583,-8.5008
3436,CA-2017-152583,-68.1302
3442,CA-2016-116344,-16.9568
3456,CA-2017-136448,-2.7552
3457,CA-2017-136448,-412.6154
3478,CA-2016-131289,-195.4788
3485,CA-2017-120705,-29.4368
3486,CA-2015-157322,-5.8346
3487,CA-2015-157322,-92.7996
3504,CA-2014-166863,-5.088
3505,CA-2014-166863,-19.8744
3508,CA-2014-166863,-97.72
3509,CA-2014-166863,-127.37200000000001
3510,CA-2017-140326,-117.882
3517,CA-2015-124975,-525.6405
3526,CA-2016-130680,-9.56
3540,CA-2016-157511,-7.098
3543,CA-2017-121216,-74.7456
3549,CA-2016-152555,-36.1764
3551,CA-2017-107832,-5.9808
3559,CA-2017-109757,-20.448
3560,CA-2017-109757,-3.0576
3565,CA-2016-137176,-12.0064
3585,CA-2017-121839,-253.4337
3591,CA-2016-164154,-17.9424
3595,CA-2014-102869,-4.8528
3597,CA-2014-102869,-31.6204
3600,CA-2014-159835,-93.99
3608,CA-2014-140228,-37.7332
3612,CA-2017-112529,-71.8116
3614,CA-2016-154536,-7.3255
3632,CA-2016-145177,-9.7902
3638,CA-2016-145177,-29.0745
3639,CA-2016-145177,-46.592
3646,CA-2015-168459,-2.0622
3653,CA-2017-168102,-21.294
3663,CA-2014-129364,-4.5192
3665,CA-2014-129364,-2.6025
3666,CA-2014-129364,-18.186
3671,CA-2016-104969,-100.92
3672,CA-2017-154109,-30.9332
3685,CA-2016-108567,-2.245
3688,US-2015-131359,-45.9954
3705,CA-2014-120544,-2.5472
3706,CA-2014-120544,-87.1488
3721,US-2014-169789,-459.9875
3754,CA-2016-116799,-56.343
3762,CA-2017-125878,-3.0396
3763,CA-2016-163153,-1.4196
3768,CA-2016-155530,-325.572
3769,US-2016-101196,-19.5624
3781,CA-2017-165204,-63.0056
3783,CA-2017-112487,-2.61
3789,CA-2015-111325,-3.3879
3793,US-2014-117163,-16.65
3796,CA-2017-147760,-192.0468
3805,CA-2015-113628,-4.0158
3806,CA-2015-113628,-3.7296
3807,CA-2015-113628,-72.039
3818,CA-2017-141873,-15.7176
3831,CA-2014-105984,-209.99400000000003
3832,CA-2014-105984,-34.9176
3836,CA-2014-126760,-109.5822
3843,CA-2014-101931,-36.294000000000004
3850,CA-2017-130526,-53.7088
3853,US-2017-105389,-6.237
3857,CA-2017-154039,-269.3376
3862,CA-2015-157133,-182.352
3872,CA-2016-136231,-63.1092
3875,CA-2016-140641,-26.733
3879,CA-2015-129896,-19.5624
3880,CA-2015-129896,-36.4704
3883,US-2017-127341,-20.6176
3892,US-2014-112200,-16.467
3899,CA-2015-151043,-1.1996
3903,CA-2015-167010,-6.952000000000001
3904,CA-2015-167010,-68.392
3905,CA-2015-167010,-3.2175
3906,CA-2015-167010,-9.7972
3908,CA-2015-167010,-211.47
3912,US-2017-142573,-448.89599999999996
3915,US-2017-142573,-6.1248
3916,US-2017-142573,-42.8967
3926,CA-2016-162082,-14.196
3936,CA-2015-118955,-25.3764
3944,CA-2017-167871,-0.6624
3948,CA-2016-119963,-18.222
3955,CA-2016-156573,-8.6457
3965,CA-2016-146010,-32.508
3966,US-2015-163685,-9.1648
3976,CA-2017-101308,-20.1362
3977,CA-2014-114517,-19.5492
3980,CA-2016-135265,-3.5996
3988,CA-2014-137589,-64.4274
4000,CA-2016-145730,-127.5792
4018,CA-2014-154963,-4.8588
4019,CA-2014-154963,-15.1767
4026,CA-2017-139311,-22.511999999999997
4032,US-2016-108777,-14.3313
4043,CA-2015-136378,-13.734000000000002
4044,CA-2017-100356,-62.3792
4050,CA-2014-122931,-81.8544
4053,CA-2014-122931,-337.806
4054,CA-2014-122931,-20.1528
4055,CA-2014-163034,-8.0775
4056,CA-2015-124058,-15.4581
4067,CA-2016-145303,-21.680999999999997
4068,CA-2016-145303,-16.5396
4069,CA-2016-145303,-52.8908
4079,CA-2016-140417,-3.5154
4080,US-2017-151316,-320.2395
4082,CA-2017-163692,-6.0237
4090,CA-2017-166576,-55.256
4098,US-2017-102288,-5.2072
4099,US-2017-102288,-1.11
4104,US-2016-148334,-6.8992
4106,CA-2015-105599,-14.1639
4118,CA-2017-117394,-1.4280000000000002
4123,CA-2017-123239,-2.2758
4126,CA-2014-127299,-944.9946
4128,CA-2014-115336,-23.892
4136,CA-2016-117226,-10.386
4143,CA-2017-112725,-13.5882
4145,CA-2017-106068,-15.1311
4147,CA-2017-106068,-2.07
4148,CA-2017-106068,-58.3056
4152,CA-2016-139689,-27.9312
4153,CA-2016-139689,-1.9656
4155,CA-2015-101091,-19.9824
4162,US-2017-106131,-14.7931
4166,CA-2014-157924,-65.0352
4178,CA-2017-128426,-6.36
4184,CA-2017-112536,-10.6547
4185,CA-2017-112536,-3.2934
4195,US-2016-161683,-14.5536
4206,CA-2014-145387,-60.6078
4221,CA-2016-108644,-3.2406
4222,US-2014-102631,-42.4926
4224,CA-2015-154970,-6.9282
4226,CA-2017-100223,-348.6294
4227,CA-2017-100223,-17.6607
4230,CA-2017-100223,-10.4214
4233,CA-2016-162404,-18.8364
4248,CA-2015-155068,-13.2867
4252,CA-2017-163160,-145.17600000000002
4253,CA-2017-163160,-6.8094
4254,CA-2015-101924,-6.8334
4255,CA-2016-124793,-22.1382
4260,CA-2017-110429,-7.782
4261,US-2016-131611,-160.2952
4262,US-2016-131611,-6.237
4263,US-2016-131611,-225.0976
4264,US-2016-131611,-20.1408
4272,CA-2015-123456,-121.58
4281,CA-2015-105690,-76.0116
4284,CA-2017-127516,-12.9568
4285,US-2015-117184,-49.92
4290,CA-2017-130967,-10.7964
4291,CA-2017-101581,-120.51299999999999
4306,CA-2014-125829,-64.5444
4316,CA-2014-152345,-5.6943
4318,US-2015-147662,-11.9616
4319,US-2015-147662,-80.9955
4320,US-2015-147662,-1.6764
4340,CA-2017-105410,-131.5008
4345,CA-2017-169894,-15.1976
4346,CA-2017-169894,-41.5872
4348,US-2017-100482,-4.746
4351,CA-2017-153654,-12.672
4352,CA-2015-155600,-1065.372
4355,CA-2017-162565,-66.062
4356,CA-2017-162565,-14.8704
4378,CA-2015-152891,-31.647
4379,US-2015-122784,-4.4639999999999995
4380,US-2015-122784,-126.4816
4382,US-2015-122784,-52.196000000000005
4386,CA-2017-111556,-25.2956
4391,CA-2014-142965,-5.1968
4392,CA-2014-142965,-21.888
4394,US-2014-138758,-46.7362
4402,CA-2015-164336,-2.436
4415,CA-2014-160157,-21.4704
4416,CA-2014-139633,-4.0216
4432,CA-2016-163398,-3.6003
4434,CA-2016-163398,-71.2962
4452,US-2015-146745,-12.9568
4455,CA-2017-105851,-299.8116
4457,US-2017-125717,-29.4368
4459,US-2017-125717,-58.8616
4465,CA-2017-168641,-16.0784
4467,CA-2017-156895,-23.7822
4468,CA-2017-121300,-15.4666
4470,CA-2017-121300,-189.321
4484,CA-2015-162621,-25.2185
4485,CA-2015-162621,-14.687999999999999
4486,CA-2015-162621,-7.8225
4491,CA-2014-150798,-51.983999999999995
4494,CA-2017-155075,-462.8624
4506,CA-2017-167003,-6.4233
4509,CA-2016-118969,-40.1808
4526,CA-2016-134691,-3.9032
4537,CA-2015-104129,-28.224
4538,US-2017-132206,-8.904
4540,CA-2015-126557,-5.4801
4543,CA-2015-126557,-2.9884
4545,CA-2015-126557,-2.134
4554,US-2017-117331,-6.5619
4556,CA-2014-110219,-9.1335
4560,CA-2017-129490,-57.6312
4561,CA-2014-101175,-1.2588
4563,US-2017-149510,-21.1068
4565,CA-2015-111990,-17.2854
4589,CA-2016-129868,-5.4882
4611,CA-2016-144540,-166.3935
4619,CA-2017-147228,-1.9872
4621,CA-2017-147228,-3.2310000000000003
4638,CA-2017-130141,-2.5344
4639,CA-2017-130141,-28.9568
4642,CA-2016-143910,-8.097999999999999
4657,CA-2015-112130,-0.3444
4658,CA-2015-112130,-36.1764
4659,CA-2015-112130,-9.594
4661,CA-2016-116232,-6.0048
4665,US-2017-133200,-18.802
4666,US-2017-133200,-119.1918
4667,US-2017-133200,-57.951
4680,CA-2016-159912,-56.448
4681,CA-2016-159912,-81.94
4682,CA-2016-159912,-2.7888
4683,CA-2016-159912,-2.3814
4685,US-2017-154851,-4.7625
4688,CA-2014-138681,-42.4116
4697,CA-2017-140298,-14.8832
4699,CA-2017-140298,-6.9965
4700,CA-2016-166240,-19.602
4708,CA-2014-112403,-0.5964
4710,CA-2014-108273,-74.9526
4718,CA-2014-106229,-209.7693
4721,CA-2016-131968,-6.9216
4724,CA-2014-119151,-37.9434
4736,CA-2015-105725,-0.8886
4748,CA-2016-159989,-9.152999999999999
4749,CA-2017-103499,-23.5764
4751,CA-2017-126354,-2.588
4753,CA-2017-169817,-1.5264
4754,US-2017-144582,-69.3952
4769,CA-2017-119746,-4.04
4778,CA-2014-159310,-2.214
4782,CA-2015-104346,-143.7904
4784,CA-2015-104346,-6.534
4787,CA-2015-104346,-248.166
4793,US-2016-148901,-44.1462
4798,US-2016-148901,-7.612
4799,US-2016-148901,-9.8208
4800,CA-2017-136364,-7.2589
4808,CA-2016-121370,-21.7176
4815,CA-2014-139598,-42.588
4817,CA-2015-140025,-1181.2824
4819,CA-2016-134222,-35.8848
4820,CA-2016-140018,-24.276
4821,CA-2016-140018,-9.111
4834,CA-2017-106831,-2.6586
4836,CA-2017-106831,-34.3148
4838,CA-2016-136049,-4.0722
4839,CA-2017-118402,-54.882
4866,CA-2017-131366,-14.998
4869,CA-2017-164042,-46.716
4870,CA-2017-164042,-11.5938
4871,CA-2017-164042,-1.9602
4875,US-2016-131891,-1.476
4894,US-2014-122021,-7.8588
4896,CA-2016-130484,-18.4464
4901,US-2014-161613,-19.2588
4904,CA-2014-133809,-8.6592
4905,CA-2014-133809,-2.0774
4909,CA-2017-127306,-4.577
4910,CA-2017-127306,-1.8392
4914,CA-2017-163125,-32.6646
4917,CA-2017-101728,-3.9032
4923,CA-2017-117653,-67.5435
4930,CA-2015-106978,-0.792
4954,CA-2015-127607,-4.396
4961,CA-2016-141180,-5.176
4967,US-2016-153815,-28.5978
4977,US-2016-131114,-11.7612
4978,US-2016-131114,-1.4280000000000002
4985,CA-2016-149279,-2.1756
4988,US-2017-122714,-2929.4845
4994,CA-2017-155824,-10.0372
5005,CA-2015-102876,-6.9828
5006,CA-2015-102876,-131.994
5007,CA-2015-102876,-3.9384
5008,US-2017-139647,-356.9643
5009,US-2017-160465,-22.62
5011,US-2017-160465,-52.641000000000005
5013,CA-2014-153850,-250.396
5035,CA-2015-136469,-37.1124
5045,US-2014-104759,-13.8278
5052,CA-2015-141243,-437.5404
5055,CA-2016-120796,-83.205
5063,CA-2017-142090,-653.2834
5072,CA-2014-134572,-95.67
5074,CA-2014-134572,-131.951
5076,US-2017-133312,-29.6058
5082,CA-2015-144302,-9.5568
5083,CA-2015-109001,-93.2316
5084,CA-2015-109001,-1.2890000000000001
5085,CA-2015-109001,-1.7892
5088,CA-2017-156720,-0.6048
5090,US-2014-140452,-31.535999999999998
5091,US-2014-140452,-120.37200000000001
5092,US-2014-140452,-7.007999999999999
5093,US-2014-140452,-4.8492
5094,US-2014-140452,-8.05
5095,US-2014-140452,-8.3524
5107,CA-2014-138450,-35.046
5109,CA-2015-153073,-7.4358
5121,CA-2014-160766,-108.3348
5154,CA-2017-163006,-178.8468
5155,CA-2017-163006,-10.3124
5157,CA-2015-156146,-14.603
5160,CA-2015-161627,-17.0352
5171,CA-2017-106432,-3.5224
5172,CA-2017-106432,-91.7586
5182,CA-2015-134719,-337.806
5183,US-2015-154389,-162.2296
5186,US-2017-136679,-27.2922
5195,CA-2016-103982,-786.0144
5224,CA-2016-119865,-44.196000000000005
5239,CA-2017-146367,-5.6406
5244,US-2015-168914,-52.9584
5251,CA-2015-125185,-7.098
5252,CA-2015-125185,-5.4548
5258,CA-2014-105165,-4.8180000000000005
5259,CA-2014-105165,-22.948
5260,CA-2014-105165,-2.918
5269,CA-2017-125913,-14.9877
5270,US-2016-158309,-2.6208
5274,CA-2014-113859,-9.7176
5283,CA-2017-105991,-7.3232
5284,CA-2017-105991,-152.9847
5287,CA-2014-146283,-13.81
5290,CA-2015-111073,-15.4764
5300,US-2014-139500,-1.0656
5301,US-2014-166310,-7.476
5305,CA-2017-131254,-46.3998
5307,CA-2017-131254,-2287.782
5316,US-2017-162558,-21.888
5317,US-2017-162558,-1002.7836
5318,US-2017-162558,-26.2476
5357,US-2017-126060,-32.2192
5370,CA-2015-118738,-69.4722
5375,CA-2014-125542,-30.2288
5395,CA-2016-163202,-2.0349
5411,US-2017-125647,-197.5752
5413,US-2017-125647,-8.9964
5417,US-2016-151827,-60.8361
5429,CA-2017-117422,-4.9728
5434,CA-2014-103317,-6.867000000000001
5457,US-2014-107405,-3.8646
5459,CA-2014-146591,-23.715999999999998
5462,CA-2014-146591,-320.597
5469,CA-2017-116946,-17.6076
5470,CA-2017-116946,-183.6324
5476,CA-2014-101770,-1.3083
5481,CA-2017-148999,-68.1096
5483,CA-2015-156608,-6.2860000000000005
5484,CA-2017-134495,-5.6943
5487,CA-2017-134495,-19.1058
5491,CA-2014-105249,-4.8392
5492,CA-2015-113523,-6.1248
5502,CA-2017-127782,-186.16
5514,CA-2017-117667,-10.284
5518,CA-2017-117667,-28.7964
5536,US-2017-150595,-54.5958
5537,US-2017-150595,-2.6268
5539,CA-2016-134936,-218.8656
5540,CA-2016-134936,-7.656000000000001
5541,CA-2016-134936,-4.1712
5548,US-2014-159618,-3.123
5551,US-2014-159618,-12.9987
5564,CA-2017-157966,-2.5648
5567,CA-2017-157966,-7.3015
5569,CA-2014-151162,-23.951999999999998
5571,CA-2014-151162,-9.1845
5572,CA-2014-151162,-44.985
5576,CA-2017-137498,-15.245
5590,US-2017-108014,-45.9333
5598,CA-2014-108903,-3.5622
5603,CA-2016-134516,-11.0691
5607,CA-2015-145828,-4.641
5625,CA-2017-148810,-13.6776
5626,US-2016-146066,-339.705
5651,CA-2016-145261,-30.16
5654,CA-2016-145261,-8.4582
5655,CA-2016-145261,-264.215
5657,CA-2016-145261,-7.17
5659,CA-2016-108875,-95.823
5661,CA-2016-141957,-8.1312
5674,CA-2014-126802,-50.6688
5686,CA-2015-119550,-90.3762
5692,CA-2016-126165,-1.7772
5693,CA-2017-126123,-42.4638
5694,CA-2017-126123,-23.548000000000002
5698,CA-2016-125661,-22.7435
5700,US-2014-123519,-52.3365
5721,CA-2014-103191,-82.884
5745,CA-2016-113733,-2.484
5747,CA-2014-145800,-184.8366
5752,CA-2014-163748,-8.532
5755,CA-2015-149300,-1.9791
5771,CA-2016-142398,-31.9144
5781,CA-2017-141117,-384.7164
5783,CA-2017-141117,-16.6012
5786,CA-2017-115070,-3.0933
5796,CA-2014-166716,-6.0196
5802,CA-2017-113873,-27.2646
5806,CA-2016-125017,-18.1808
5811,US-2015-106495,-0.7295
5819,CA-2017-117632,-10.7055
5824,CA-2017-161067,-8.0784
5831,CA-2015-101868,-42.8
5832,CA-2015-101868,-26.964000000000002
5833,CA-2015-101868,-8.1675
5851,CA-2015-112214,-1.2558
5852,CA-2015-112214,-4.896
5853,CA-2015-112214,-2.1792
5854,CA-2015-112214,-11.439
5865,CA-2016-158211,-80.178
5879,CA-2016-133935,-99.6219
5915,US-2015-126977,-25.049
5920,CA-2016-130288,-120.0508
5926,US-2017-169551,-45.3492
5928,US-2017-169551,-113.99799999999999
5952,CA-2014-155796,-250.5408
5971,CA-2016-135636,-67.851
5989,US-2017-163300,-20.7846
5990,CA-2016-162187,-4.06
5992,CA-2016-162187,-137.529
5994,CA-2016-162187,-147.8655
5999,CA-2014-124079,-4.1712
6000,US-2017-146878,-8.6058
6031,US-2015-155369,-52.8336
6032,US-2015-155369,-512.1468
6040,CA-2017-145702,-35.3646
6044,CA-2015-105571,-12.9168
6045,CA-2015-105571,-1031.5385
6051,CA-2016-124016,-9.7608
6052,CA-2016-113551,-3.4122
6064,CA-2017-166695,-97.176
6068,CA-2015-120901,-26.7204
6070,CA-2015-120901,-1.3248
6078,US-2014-165589,-11.322000000000001
6079,US-2016-132577,-9.6348
6081,US-2016-132577,-0.6008
6083,US-2016-132577,-6.732
6086,US-2017-162068,-0.99
6101,US-2017-132381,-83.8752
6103,CA-2014-120852,-49.5516
6104,CA-2014-120852,-8.18
6106,CA-2016-150007,-3.2436
6107,CA-2016-124590,-21.0686
6111,CA-2016-124590,-12.8392
6118,CA-2017-143378,-128.2388
6133,CA-2015-105613,-186.5682
6135,CA-2014-131247,-12.097999999999999
6146,CA-2017-101322,-34.0704
6160,CA-2014-103989,-25.737
6190,CA-2017-104927,-9.8115
6192,CA-2017-113453,-76.9972
6193,CA-2017-113453,-4.461
6198,CA-2015-146675,-4.9005
6200,CA-2016-133669,-47.0304
6204,CA-2016-133697,-14.5764
6205,CA-2017-148138,-6.396
6221,CA-2017-140627,-54.588
6222,CA-2015-133445,-103.8606
6223,CA-2015-133445,-14.5584
6225,CA-2016-148208,-20.2356
6232,US-2017-142188,-17.991
6239,CA-2014-134621,-14.592
6248,CA-2014-101147,-6.3441
6253,CA-2015-133977,-2.5256
6254,CA-2017-141425,-81.7258
6259,CA-2016-132479,-729.9138
6266,CA-2017-102379,-7.9984
6275,US-2016-139087,-4.6764
6279,CA-2015-116484,-26.541
6282,CA-2016-125080,-231.4116
6284,CA-2014-100090,-87.9354
6297,US-2014-161305,-38.1114
6302,CA-2016-163328,-4.1762
6303,CA-2016-163328,-14.4078
6305,CA-2016-163328,-97.5528
6338,US-2017-105830,-35.2152
6347,CA-2017-161557,-105.69
6349,US-2015-161347,-2.01
6352,CA-2014-110611,-13.637
6366,CA-2016-103919,-29.511999999999997
6372,CA-2014-107811,-1.249
6377,US-2014-163797,-11.8256
6378,CA-2016-127236,-167.986
6379,CA-2016-127236,-36.9544
6380,US-2017-104661,-52.4544
6383,US-2017-104661,-6.6278
6404,CA-2017-161774,-12.849
6411,CA-2017-142671,-7.68
6413,CA-2016-111976,-25.3344
6414,CA-2016-111976,-1.3464
6420,CA-2015-149650,-73.8192
6423,CA-2016-143714,-4.196000000000001
6425,CA-2016-143714,-24.4764
6426,CA-2014-165764,-1.624
6427,CA-2014-165764,-299.2614
6428,CA-2014-165764,-10.4874
6429,CA-2014-165764,-51.294
6435,US-2017-113992,-97.4988
6436,CA-2014-166891,-6.5489999999999995
6443,US-2017-119816,-77.625
6471,CA-2014-149524,-53.2856
6472,CA-2017-140872,-3.4914
6474,CA-2017-140872,-2.5749
6479,CA-2017-140872,-4.14
6480,CA-2017-113908,-115.4304
6484,CA-2015-120621,-9.8463
6491,CA-2017-111262,-2.7
6493,CA-2017-111262,-3.272
6498,CA-2014-129147,-107.9928
6499,CA-2014-129147,-10.0464
6500,CA-2014-129147,-13.4694
6504,US-2016-128909,-24.9624
6521,CA-2016-129308,-12.9987
6522,CA-2016-129308,-4.7625
6523,CA-2016-129308,-7.85
6527,CA-2014-103744,-6.8634
6532,CA-2014-128209,-50.098
6533,CA-2014-169684,-147.8655
6534,CA-2014-169684,-24.588
6541,US-2017-154872,-46.536
6544,CA-2014-113880,-172.1172
6553,CA-2014-137092,-14.7594
6558,CA-2017-144680,-90.774
6560,CA-2014-166086,-38.85
6563,CA-2017-131282,-426.986
6566,CA-2014-100678,-18.1176
6573,CA-2017-123085,-17.0352
6592,CA-2017-157112,-7.84
6594,CA-2014-169257,-0.91
6600,CA-2017-146346,-32.9292
6604,CA-2016-148852,-84.8232
6621,CA-2015-141250,-13.1706
6622,CA-2015-141250,-8.5416
6626,CA-2015-125696,-5.412000000000001
6631,CA-2017-144498,-52.5481
6636,CA-2014-108609,-734.5264
6641,US-2015-156496,-31.4874
6643,US-2016-127334,-304.6653
6645,US-2017-124779,-68.1856
6648,US-2017-124779,-11.6512
6650,US-2017-124779,-39.637
6653,CA-2017-135937,-6.396
6656,CA-2017-135937,-185.7168
6681,US-2015-129637,-15.7514
6682,US-2015-129637,-19.7372
6699,CA-2015-153535,-4.9128
6709,CA-2017-107629,-292.9872
6710,CA-2017-107629,-26.7558
6711,CA-2017-107629,-4.908
6726,CA-2015-156734,-4.4946
6737,CA-2014-144029,-5.1396
6739,US-2017-101784,-13.7403
6760,CA-2016-144764,-8.3524
6761,CA-2016-144764,-19.47
6762,CA-2017-100615,-18.1176
6764,CA-2017-100615,-6.188
6768,CA-2017-139402,-9.9705
6773,US-2016-152373,-17.523
6781,CA-2017-121293,-34.647
6782,CA-2017-121293,-25.991999999999997
6792,CA-2015-145394,-15.5268
6793,CA-2015-168809,-16.5858
6794,CA-2015-168809,-6.0768
6795,CA-2015-168809,-3.94
6796,CA-2016-109827,-24.1026
6797,CA-2016-109827,-386.957
6798,CA-2016-109827,-7.896
6805,CA-2015-128125,-7.832999999999999
6806,CA-2017-156237,-2.588
6807,CA-2017-156237,-18.0385
6808,CA-2017-156237,-29.1528
6809,CA-2017-156237,-12.208
6811,CA-2017-156237,-168.81900000000002
6815,CA-2017-163860,-2.688
6816,CA-2017-163860,-2.3904
6817,CA-2017-163860,-3.2392
6818,CA-2017-163860,-1.406
6829,CA-2016-153101,-12.7785
6836,CA-2015-166338,-10.3824
6858,CA-2017-128965,-19.1058
6861,US-2016-126452,-20.691
6863,US-2016-126452,-7.996
6869,CA-2014-124394,-17.248
6870,CA-2014-124394,-17.9964
6873,US-2015-123918,-95.2476
6882,CA-2017-123036,-56.3108
6893,CA-2017-122028,-7.9068
6894,US-2015-165512,-163.5767
6895,US-2015-165512,-13.0152
6899,CA-2017-111220,-15.0876
6900,CA-2017-111220,-44.235
6905,CA-2014-126277,-2.0016
6911,CA-2014-142510,-31.331999999999997
6915,CA-2015-102806,-18.0312
6927,CA-2014-164182,-2.249
6928,CA-2014-164182,-13.993
6931,CA-2017-137365,-10.7973
6932,CA-2016-129847,-75.8448
6941,CA-2016-106243,-26.195999999999998
6943,CA-2015-130365,-55.256
6944,CA-2015-130365,-23.7822
6946,CA-2017-143021,-29.3238
6966,CA-2017-153822,-2.5248
6969,CA-2017-153822,-13.937999999999999
6985,CA-2017-165099,-3.7584
6992,CA-2017-117443,-22.144000000000002
6997,CA-2015-104871,-110.0232
7002,CA-2014-119466,-7.476
7003,CA-2015-154823,-8.9796
7004,CA-2015-154823,-42.747
7005,CA-2015-154823,-3.8976
7039,US-2017-165358,-14.196
7050,CA-2016-165330,-31.843000000000004
7063,CA-2016-114209,-3.2406
7070,CA-2016-112256,-8.316
7073,CA-2016-106950,-17.5651
7076,CA-2016-106950,-149.6307
7078,CA-2016-106950,-12.628
7081,CA-2017-112004,-6.303
7082,CA-2017-112004,-42.9516
7098,CA-2014-117478,-5.037
7100,CA-2017-128944,-43.4352
7116,US-2014-147774,-51.5154
7132,CA-2015-163965,-5.784
7134,CA-2015-163965,-50.303999999999995
7135,CA-2015-163965,-36.294000000000004
7139,US-2017-141558,-181.265
7140,US-2017-141558,-8.6058
7141,US-2017-141558,-46.4292
7147,CA-2017-142909,-135.08700000000002
7149,CA-2015-106208,-108.8304
7171,US-2017-141677,-226.6368
7173,CA-2017-133067,-1.5414
7174,CA-2017-133067,-7.5168
7180,CA-2017-133102,-1.041
7182,CA-2017-133102,-2.1312
7183,CA-2017-133102,-22.2388
7184,CA-2017-133102,-99.1032
7186,CA-2016-164399,-8.4294
7187,CA-2016-116918,-4.49
7197,CA-2016-104276,-114.3534
7199,CA-2014-118276,-4.8048
7216,CA-2017-154760,-228.7425
7218,CA-2017-113075,-7.119
7233,CA-2016-164924,-319.1916
7239,CA-2017-118892,-630.882
7243,US-2014-127978,-199.61700000000002
7244,US-2014-127978,-10.0512
7258,CA-2017-156363,-6.54
7261,US-2014-143721,-35.5136
7262,CA-2017-122987,-11.19
7263,CA-2017-122987,-0.8392
7266,CA-2016-123337,-12.8784
7268,US-2016-150357,-4.3792
7269,US-2016-150357,-2.73
7277,CA-2017-159282,-479.98800000000006
7278,CA-2017-155936,-5.0094
7280,CA-2017-169439,-9.0904
7284,CA-2014-158281,-121.2705
7288,CA-2017-109183,-272.58
7294,CA-2014-163468,-175.26
7295,CA-2014-163468,-7.476
7296,CA-2014-163468,-30.294
7297,CA-2014-163468,-4.9164
7298,CA-2014-163468,-66.801
7301,CA-2014-137274,-152.7156
7307,CA-2015-162761,-1.3104
7308,CA-2015-162761,-8.5974
7312,CA-2016-132066,-37.9152
7314,CA-2017-158120,-3.465
7326,CA-2016-149349,-8.532
7327,CA-2017-115119,-13.3341
7328,CA-2017-115119,-65.1504
7340,CA-2017-168389,-420.0
7341,CA-2017-168389,-16.5528
7343,CA-2017-168389,-12.147
7344,CA-2014-130421,-459.6072
7348,CA-2017-152135,-81.664
7354,US-2014-115189,-50.3928
7355,US-2014-115189,-192.0468
7357,CA-2016-163594,-36.441
7359,CA-2016-127243,-73.7061
7361,CA-2016-127243,-5.0512
7362,CA-2016-127243,-7.7292
7363,CA-2016-127243,-24.843000000000004
7364,CA-2017-161851,-11.937000000000001
7391,CA-2016-110975,-120.0508
7401,CA-2015-100146,-6.098
7405,CA-2014-121769,-94.6605
7408,CA-2017-121125,-3.094
7409,CA-2017-121125,-0.3398
7410,US-2016-114013,-5.524
7412,US-2016-114013,-116.9805
7414,US-2016-114013,-41.5176
7415,US-2016-114013,-138.14
7416,US-2016-114013,-15.44
7417,US-2016-114013,-28.368000000000002
7418,US-2016-114013,-643.71
7421,CA-2016-101693,-6.0889999999999995
7422,CA-2016-101693,-26.1696
7428,CA-2014-161249,-0.9486
7429,CA-2014-161249,-6.5415
7436,US-2017-163657,-2.9566
7442,CA-2017-127474,-26.085
7446,CA-2017-105669,-77.333
7447,CA-2017-105669,-10.15
7466,CA-2015-100734,-2.8608
7467,CA-2015-100734,-29.4368
7479,CA-2014-129938,-108.2662
7484,US-2015-134558,-105.3164
7489,US-2017-160836,-65.85300000000001
7490,US-2017-160836,-4.2012
7501,US-2017-106579,-18.8728
7505,US-2017-161935,-377.9892
7517,CA-2016-162383,-7.46
7518,CA-2016-162383,-6.4944
7519,CA-2016-162383,-1.2178
7527,CA-2016-107146,-13.3176
7529,US-2017-134642,-22.1382
7532,CA-2017-103415,-14.2716
7535,US-2017-112347,-24.416
7536,US-2017-112347,-363.528
7539,US-2017-112347,-14.34
7543,CA-2014-103492,-19.168
7544,CA-2014-103492,-1.5715
7545,CA-2016-136595,-11.6622
7550,CA-2014-114181,-216.9783
7560,US-2016-166660,-59.8356
7587,CA-2016-158778,-19.3382
7589,CA-2016-158778,-63.3765
7596,CA-2014-131947,-21.945
7600,CA-2016-101791,-33.3582
7601,CA-2016-101791,-1.6752
7611,CA-2014-148425,-4.428
7623,US-2015-159499,-1.459
7627,CA-2014-162089,-9.093
7637,US-2016-157490,-938.28
7638,US-2016-157490,-14.92
7639,US-2016-157490,-9.1816
7642,US-2014-115196,-571.9956
7645,CA-2015-101889,-464.69699999999995
7647,CA-2017-110821,-13.4379
7648,CA-2017-110821,-25.109
7654,CA-2017-155740,-53.7432
7656,CA-2014-105417,-53.7096
7657,CA-2014-105417,-18.2525
7692,CA-2017-107958,-8.1096
7697,CA-2017-151799,-52.6582
7705,CA-2014-139542,-9.5886
7708,CA-2017-139353,-29.4368
7713,CA-2015-149636,-1.3566
7719,CA-2015-139374,-2.5698
7721,CA-2016-113978,-4.8448
7722,CA-2016-113978,-82.884
7725,US-2016-109260,-75.5958
7726,CA-2017-104850,-25.4744
7767,CA-2016-108196,-304.392
7776,CA-2015-132136,-14.5656
7778,CA-2016-162236,-292.1
7779,CA-2016-162236,-34.758
7781,US-2016-117037,-4.7685
7783,US-2016-117037,-10.1736
7785,CA-2017-160801,-3.3894
7786,CA-2016-108364,-2.88
7787,CA-2017-169362,-1.4994
7795,CA-2017-157413,-77.1267
7798,CA-2015-102260,-63.0056
7799,CA-2015-102260,-4.7669999999999995
7801,CA-2015-102260,-2.5632
7802,US-2016-137295,-24.6624
7807,CA-2016-134334,-47.1798
7810,US-2017-109316,-3.5039999999999996
7829,CA-2015-106257,-15.097999999999999
7831,CA-2015-149083,-11.5176
7839,US-2017-123834,-21.3264
7842,CA-2016-128706,-6.8816
7843,CA-2016-104311,-3.7872
7844,CA-2016-104311,-3.168
7847,CA-2014-169649,-53.0088
7855,CA-2017-152261,-12.352
7858,CA-2015-143364,-64.7748
7861,CA-2015-143364,-191.646
7864,US-2017-166233,-2.7
7873,CA-2016-160241,-302.72
7874,CA-2016-155747,-118.0116
7893,CA-2017-128363,-1237.8462
7901,US-2015-118766,-6.93
7906,CA-2016-149762,-12.097999999999999
7907,CA-2016-167605,-31.8612
7911,CA-2015-110891,-93.4724
7918,CA-2017-134096,-11.418
7924,CA-2017-167549,-4.2588
7935,CA-2016-146325,-9.1602
7937,CA-2017-134194,-59.373000000000005
7940,CA-2017-134194,-65.568
7941,CA-2017-134194,-5.0688
7942,CA-2014-131009,-3.5325
7944,CA-2014-131009,-34.9536
7945,CA-2014-131009,-22.6716
7950,CA-2017-131807,-59.8356
7956,CA-2017-104864,-19.323
7957,CA-2017-104864,-16.1856
7962,CA-2016-157707,-190.8522
7963,CA-2016-157707,-2.9985
7965,US-2015-126753,-112.6216
7966,US-2015-126753,-5.4558
7968,US-2015-126753,-1.9068
7970,US-2015-126753,-2.7588
7986,CA-2016-133872,-26.624000000000002
7988,US-2015-165743,-3.4272
7989,US-2015-165743,-247.7988
7990,US-2015-165743,-7.3692
8016,CA-2014-129189,-12.9792
8018,CA-2014-129189,-93.99
8019,CA-2014-129189,-1.827
8024,CA-2016-166373,-9.282
8025,CA-2016-158806,-10.9611
8028,CA-2015-119690,-1.476
8029,CA-2015-119690,-20.7306
8041,CA-2016-113600,-1.476
8044,CA-2014-144974,-4.577
8048,CA-2017-152205,-1.8585
8064,CA-2017-151750,-107.958
8065,CA-2017-151750,-187.3815
8066,CA-2017-151750,-26.6352
8068,CA-2017-151750,-9.705
8069,CA-2017-151750,-22.6842
8070,CA-2017-151750,-38.8212
8078,CA-2015-150714,-10.4874
8079,CA-2015-150714,-161.694
8100,CA-2017-159149,-17.0274
8102,CA-2017-159149,-87.6672
8103,US-2017-167570,-58.5048
8105,CA-2017-160122,-25.4772
8106,CA-2016-130393,-17.745
8107,CA-2016-130393,-30.8672
8108,CA-2016-130393,-1.2178
8113,US-2017-106551,-75.192
8119,US-2017-150070,-28.2744
8120,CA-2015-137064,-4.9878
8122,CA-2015-137064,-125.766
8123,CA-2017-157350,-43.848
8128,CA-2015-131352,-70.9605
8131,CA-2016-118073,-255.5875
8139,CA-2016-100993,-31.9936
8150,CA-2016-131296,-23.9372
8160,CA-2015-168207,-30.147
8161,CA-2016-144148,-32.3673
8163,CA-2017-107174,-73.0548
8173,CA-2015-112767,-188.7
8174,CA-2015-119879,-480.2032
8175,CA-2015-119879,-24.0435
8176,CA-2017-155642,-10.1736
8177,CA-2017-155642,-0.9933
8180,CA-2015-136728,-12.148
8186,CA-2015-141327,-4.2336
8190,CA-2017-102736,-1.1196
8193,CA-2017-125269,-18.2525
8194,CA-2017-125269,-18.195999999999998
8200,CA-2015-122266,-76.6062
8202,CA-2015-141565,-913.176
8203,CA-2015-141565,-58.8736
8205,CA-2016-116337,-17.784000000000002
8207,CA-2015-120845,-4.6464
8209,CA-2015-120845,-1.8106
8210,CA-2015-120845,-2.2848
8212,CA-2014-120775,-19.0656
8214,CA-2014-120775,-3.0396
8215,CA-2014-120775,-3.7680000000000002
8216,CA-2014-152905,-2.5248
8229,CA-2017-102204,-458.1468
8231,CA-2017-103065,-0.7748
8240,CA-2015-129217,-191.61900000000003
8242,CA-2016-133816,-123.99799999999999
8243,CA-2015-140221,-16.817999999999998
8244,CA-2015-140221,-1.8848
8245,CA-2015-140221,-470.548
8257,CA-2015-138457,-10.0372
8261,CA-2017-121790,-47.175
8270,US-2016-139262,-2.7588
8271,US-2016-139262,-26.726
8279,CA-2015-154284,-33.6414
8284,CA-2014-156244,-1.041
8286,CA-2015-106362,-7.5768
8304,CA-2014-168312,-43.0296
8307,CA-2014-161508,-14.6388
8315,US-2016-149790,-24.9984
8320,CA-2017-103478,-4.5824
8321,CA-2017-103478,-164.83599999999998
8333,CA-2017-135076,-38.2116
8339,US-2014-155544,-10.9188
8346,CA-2017-132199,-17.592
8347,CA-2017-132199,-112.041
8348,CA-2017-132199,-44.94
8355,CA-2017-147207,-13.58
8356,CA-2017-147207,-169.637
8365,CA-2014-165393,-8.4728
8371,CA-2015-162964,-14.5764
8375,CA-2016-134544,-20.1362
8389,CA-2016-142594,-47.0583
8391,US-2014-120236,-11.52
8392,CA-2017-120061,-35.5136
8404,CA-2016-130820,-199.5076
8406,CA-2017-132290,-173.3472
8408,CA-2016-147109,-6.21
8419,CA-2016-137652,-12.288
8422,US-2017-132220,-10.9116
8423,CA-2016-118129,-30.392
8426,US-2014-127635,-1.3608
8428,US-2014-127635,-6.723
8429,US-2014-127635,-13.6832
8436,US-2016-155173,-71.99
8437,US-2016-155173,-1.4982
8438,US-2016-155173,-12.5103
8439,CA-2017-125451,-13.7568
8442,CA-2017-125451,-127.5792
8446,CA-2016-125087,-93.4724
8448,CA-2016-125087,-67.137
8450,US-2017-118556,-29.0073
8451,US-2017-118556,-6.237
8452,CA-2014-126200,-39.804
8453,CA-2014-126200,-19.8144
8458,CA-2015-144043,-2.918
8463,US-2017-132031,-14.5176
8465,US-2017-132031,-11.6928
8468,CA-2017-169404,-29.0536
8488,CA-2015-109190,-10.335999999999999
8489,CA-2016-143154,-6.21
8496,CA-2015-102316,-20.7846
8498,CA-2016-109400,-110.0232
8499,CA-2016-130400,-14.1696
8506,CA-2016-144645,-77.4732
8511,CA-2017-149720,-17.4432
8518,CA-2017-161172,-7.396
8520,CA-2017-161172,-3.4619999999999997
8523,CA-2017-137624,-36.2136
8530,CA-2015-157343,-12.208
8550,CA-2015-117884,-33.8418
8555,CA-2016-132829,-0.7566
8557,US-2017-108315,-3.5508
8558,US-2017-108315,-8.2764
8566,CA-2014-121629,-199.77
8574,CA-2014-130673,-5.9409
8576,CA-2014-130673,-3.6372
8577,CA-2014-130673,-13.392000000000001
8579,US-2017-132927,-8.1312
8582,CA-2015-138492,-10.3936
8597,US-2016-116365,-5.263999999999999
8598,US-2016-116365,-6.21
8603,CA-2014-151946,-44.196000000000005
8612,CA-2017-117513,-14.9877
8614,US-2017-119319,-19.864
8617,CA-2015-136147,-100.92
8618,CA-2015-136147,-1.3995
8623,CA-2015-164084,-120.294
8625,CA-2016-107783,-78.078
8626,CA-2016-107783,-913.176
8628,CA-2017-159793,-89.0664
8634,US-2017-148551,-1141.47
8635,CA-2017-147767,-45.24
8638,CA-2015-108259,-29.2446
8643,CA-2016-164574,-20.0904
8652,CA-2016-168361,-1.3376
8654,CA-2017-124765,-81.441
8655,CA-2015-131856,-15.9268
8664,US-2014-159611,-18.2352
8665,US-2014-159611,-25.109
8667,CA-2017-163265,-8.5794
8668,CA-2017-163265,-8.1822
8670,CA-2017-163265,-3.6537
8671,CA-2017-141705,-81.3065
8672,CA-2016-112739,-13.3424
8684,CA-2016-136770,-56.3108
8685,CA-2016-136770,-49.4376
8692,CA-2017-119284,-28.224
8702,CA-2014-119144,-17.9928
8705,CA-2014-105648,-23.4882
8706,US-2015-145422,-29.6058
8709,CA-2017-121678,-1.3984
8710,CA-2016-120824,-160.96
8711,CA-2016-120824,-4.5396
8714,CA-2016-120824,-119.2312
8716,CA-2016-120824,-2.667
8724,CA-2015-103870,-12.7302
8731,CA-2017-161592,-5.94
8733,US-2017-131961,-20.997
8737,US-2015-144771,-4.641
8748,CA-2017-152198,-3.5639999999999996
8749,CA-2017-152198,-5.215
8759,CA-2015-107083,-2.544
8760,CA-2015-107083,-67.617
8761,CA-2015-107083,-13.167
8775,CA-2015-133585,-36.1176
8783,CA-2017-126914,-3.8864
8801,US-2017-110646,-27.735
8815,CA-2017-100622,-2.9964
8838,CA-2017-156664,-6.03
8844,CA-2015-140718,-2.3136
8848,US-2015-115343,-7.7247
8851,CA-2017-135909,-7.996
8860,CA-2014-120411,-70.49
8866,US-2014-105137,-71.3958
8867,US-2014-105137,-13.3936
8868,CA-2017-142489,-32.985
8869,US-2016-141264,-34.758
8870,US-2016-141264,-153.2024
8875,CA-2016-135594,-0.6265
8878,CA-2014-107398,-4.5696
8879,CA-2014-107398,-2.2896
8880,CA-2014-107398,-16.6848
8894,CA-2016-150483,-12.8256
8896,CA-2016-150483,-38.2158
8905,CA-2017-102610,-32.3838
8906,CA-2017-102610,-2.97
8909,US-2016-144057,-20.4352
8910,US-2016-144057,-131.7168
8912,US-2016-144057,-27.791999999999998
8917,CA-2017-133928,-3.81
8919,CA-2016-168032,-2.6784
8920,CA-2016-168032,-538.446
8922,US-2015-168704,-113.28200000000001
8923,US-2015-168704,-45.294
8934,CA-2014-130918,-1.8126
8935,CA-2016-159023,-3.465
8936,CA-2016-159023,-251.9874
8937,CA-2017-111717,-47.8716
8943,CA-2017-150910,-249.3216
8948,CA-2014-156790,-7.7728
8951,CA-2017-105620,-7.2
8953,CA-2017-150266,-179.77599999999998
8954,CA-2017-150266,-24.398000000000003
8959,CA-2017-106691,-1.9344
8961,CA-2016-134180,-13.433
8962,CA-2014-166730,-8.8038
8964,CA-2017-157469,-25.198
8966,US-2014-149034,-1.1874
8970,CA-2017-156622,-31.0335
8971,CA-2017-156622,-9.156
8973,CA-2015-150413,-2.838
8974,CA-2014-108182,-14.7708
8975,CA-2016-110898,-6.3018
8976,CA-2016-110898,-2.7648
8977,CA-2016-110898,-194.824
8978,CA-2016-110898,-99.2664
8980,CA-2015-123092,-73.577
8987,CA-2017-159100,-968.8833
8993,CA-2017-137785,-124.431
8994,CA-2014-133389,-6.0324
9015,CA-2015-129525,-116.844
9028,CA-2015-148873,-4.488
9032,CA-2017-157420,-12.4146
9034,CA-2014-138177,-45.8273
9058,US-2014-151015,-4.8609
9062,CA-2016-106278,-2.6997
9069,US-2015-136259,-5.5338
9080,CA-2016-143406,-251.1864
9081,CA-2016-143406,-136.4895
9083,CA-2016-131093,-62.7725
9086,CA-2015-162950,-376.6932
9096,CA-2015-163181,-16.9568
9097,CA-2015-163181,-84.448
9098,CA-2015-163181,-51.29600000000001
9099,CA-2015-163181,-28.8678
9109,CA-2017-153045,-93.08
9111,CA-2017-153045,-63.3765
9117,US-2016-158288,-57.7566
9118,CA-2016-128916,-3.8208
9119,CA-2016-128916,-2.1376
9121,CA-2017-112473,-11.2806
9122,US-2017-147655,-58.716
9123,CA-2016-130911,-241.176
9128,CA-2016-124254,-22.6716
9129,CA-2016-124254,-5.1984
9131,CA-2014-123400,-12.224
9139,CA-2015-126970,-4.4928
9153,CA-2016-118934,-3.0366
9154,CA-2016-118934,-7.92
9158,CA-2015-164007,-393.602
9170,CA-2016-118178,-20.724
9181,US-2015-130512,-0.6976
9183,US-2015-130512,-165.768
9184,US-2015-130512,-82.99
9186,CA-2015-141810,-46.9952
9189,CA-2014-146843,-16.614
9210,CA-2017-103765,-24.7716
9213,US-2015-164238,-204.9996
9217,CA-2017-121160,-13.187999999999999
9218,CA-2017-121160,-2.3232
9219,CA-2017-121160,-6.4232
9220,CA-2017-121160,-12.5286
9225,CA-2014-148383,-694.2936
9232,CA-2017-138156,-3.6892
9234,CA-2017-110310,-3.9249
9255,CA-2017-111388,-2.6997
9258,US-2017-128118,-7.782
9272,CA-2017-122539,-5.6007
9273,CA-2017-122539,-28.498
9280,CA-2017-154011,-11.0208
9281,CA-2017-154011,-84.9615
9282,US-2017-165456,-15.4188
9286,CA-2017-124114,-0.9452
9289,CA-2017-161340,-64.9376
9293,US-2015-163433,-6.8992
9294,US-2015-163433,-20.245
9298,US-2015-163433,-2.2878
9309,CA-2016-161907,-27.7158
9310,CA-2016-161907,-163.4516
9311,CA-2017-124940,-2.9939999999999998
9315,US-2016-111563,-5.688
9316,US-2016-111563,-84.2928
9328,CA-2017-110198,-15.7176
9337,CA-2017-109085,-106.39299999999999
9338,CA-2017-109085,-4.7625
9339,CA-2017-109085,-11.5188
9341,CA-2017-109085,-12.849
9345,CA-2016-159009,-20.7846
9346,CA-2017-148411,-14.8704
9352,CA-2016-168046,-99.3453
9364,CA-2015-111339,-4.1568
9365,CA-2015-111339,-86.0586
9375,CA-2014-154158,-10.6068
9377,CA-2014-154158,-1.0490000000000002
9386,CA-2015-130848,-29.1168
9389,CA-2014-125997,-10.0196
9396,CA-2016-105459,-66.2302
9403,US-2017-110149,-2.5093
9407,CA-2016-132017,-11.5872
9413,CA-2017-152926,-38.8212
9414,CA-2017-152926,-56.0592
9422,CA-2014-152100,-69.312
9424,CA-2015-166219,-16.2613
9426,CA-2015-119627,-5.263999999999999
9429,CA-2015-119627,-31.6
9430,CA-2015-160787,-2.0622
9432,CA-2017-126144,-57.1152
9448,CA-2015-129546,-8.2764
9449,CA-2016-140977,-1.8295
9451,CA-2017-151855,-10.05
9453,CA-2014-138240,-2.9985
9461,CA-2017-102925,-66.6
9470,CA-2015-100818,-61.872
9471,CA-2015-100818,-6.237
9473,CA-2014-126193,-6.5076
9474,CA-2014-126193,-533.7325
9478,CA-2016-164770,-137.976
9480,CA-2017-130505,-76.9536
9505,CA-2014-130575,-13.895999999999999
9506,CA-2017-142461,-6.0196
9517,CA-2014-169446,-7.7406
9520,CA-2017-156958,-7.0146
9530,CA-2017-124191,-6.8634
9536,CA-2015-135251,-9.6565
9538,CA-2015-135251,-114.0174
9542,CA-2016-131744,-3.855
9551,CA-2014-103086,-1.5936
9553,CA-2016-129280,-44.019
9555,CA-2016-129280,-75.5958
9556,CA-2016-129280,-164.9538
9560,CA-2014-130428,-10.116
9563,CA-2015-113131,-4.488
9569,CA-2015-143147,-28.6862
9570,CA-2015-143147,-79.908
9571,CA-2015-143147,-4.497
9575,CA-2017-152975,-6.5489999999999995
9577,CA-2017-116127,-5.0098
9581,US-2017-129203,-43.9056
9584,CA-2014-119172,-172.55700000000002
9585,US-2016-105452,-9.88
9586,US-2016-105452,-378.4
9597,CA-2016-129861,-213.5574
9599,US-2017-122672,-6.188
9600,US-2017-122672,-43.7292
9613,CA-2017-160633,-1.7495
9617,CA-2017-137449,-54.5496
9618,CA-2017-137449,-39.5118
9619,CA-2017-137449,-96.4704
9623,CA-2014-118192,-2.5212
9633,CA-2015-116638,-1862.3124
9639,US-2017-107979,-8.3524
9640,US-2017-107979,-48.391999999999996
9648,CA-2017-161893,-3.6212
9667,CA-2016-114867,-374.9925
9681,US-2017-130603,-17.469
9685,CA-2015-130183,-18.0588
9704,CA-2014-114251,-34.196
9705,CA-2014-114251,-8.796
9706,CA-2014-114251,-94.5084
9707,CA-2014-114251,-6.445
9713,CA-2017-166835,-55.256
9740,CA-2017-137505,-1.7772
9741,US-2014-140914,-7.9634
9742,US-2014-140914,-56.996
9768,CA-2014-169019,-3701.8928
9769,CA-2014-169019,-10.0602
9770,CA-2014-169019,-26.8544
9771,CA-2014-169019,-26.945999999999998
9772,CA-2014-169019,-13.32
9773,CA-2014-169019,-12.09
9781,CA-2017-144491,-30.098000000000003
9782,CA-2017-144491,-8.5794
9784,CA-2017-144491,-66.3916
9786,CA-2014-127166,-29.2524
9788,CA-2014-127166,-31.008000000000003
9789,CA-2016-125920,-5.8869
9791,CA-2015-128608,-43.1178
9794,CA-2015-128608,-21.4236
9800,CA-2016-136322,-21.0848
9802,CA-2017-145093,-3.3792
9810,CA-2015-162201,-6.462000000000001
9815,CA-2015-162201,-13.3936
9820,US-2014-164406,-12.196
9825,CA-2014-113257,-2.5872
9828,CA-2016-126627,-6.3
9829,CA-2016-126627,-26.2272
9838,CA-2014-163867,-40.0036
9863,CA-2014-114195,-2.61
9864,CA-2014-114195,-17.9424
9870,US-2017-166324,-21.2136
9871,US-2017-166324,-6.38
9872,US-2017-166324,-24.4764
9893,US-2014-117380,-143.2548
9897,CA-2014-122609,-6.9102
9906,CA-2015-132388,-54.3204
9913,CA-2016-149272,-143.431
9914,CA-2016-149272,-35.8176
9915,CA-2014-111360,-4.5936
9925,CA-2015-104948,-40.196
9931,CA-2016-164889,-1.7772
9956,CA-2015-168088,-67.6704
